{
  "total_documents": 55,
  "successfully_processed": 55,
  "failed": 0,
  "failed_documents": [],
  "processed_at": "2025-10-27T16:13:42.708931",
  "average_word_count": 1690.6363636363637
}